{"computers":[{"ObjectIdentifier": "S-1-5-21-1035856440-4137329016-3276773158-1000", "AllowedToAct": [], "PrimaryGroupSid": "S-1-5-21-1035856440-4137329016-3276773158-516", "LocalAdmins": [{"MemberId": "S-1-5-21-1035856440-4137329016-3276773158-519", "MemberType": "Group"}, {"MemberId": "S-1-5-21-1035856440-4137329016-3276773158-512", "MemberType": "Group"}, {"MemberId": "S-1-5-21-1035856440-4137329016-3276773158-500", "MemberType": "User"}], "PSRemoteUsers": [{"MemberId": "S-1-5-21-1035856440-4137329016-3276773158-1104", "MemberType": "User"}, {"MemberId": "S-1-5-21-1035856440-4137329016-3276773158-1105", "MemberType": "User"}], "Properties": {"name": "PATHFINDER.MEGACORP.LOCAL", "objectid": "S-1-5-21-1035856440-4137329016-3276773158-1000", "domain": "MEGACORP.LOCAL", "highvalue": false, "distinguishedname": "CN=PATHFINDER,OU=Domain Controllers,DC=MEGACORP,DC=LOCAL", "unconstraineddelegation": true, "enabled": true, "haslaps": false, "lastlogontimestamp": 1624240758, "pwdlastset": 1624240746, "serviceprincipalnames": ["Dfsr-12F9A27C-BF97-4787-9364-D31B6C55EB04/Pathfinder.MEGACORP.LOCAL", "ldap/Pathfinder.MEGACORP.LOCAL/ForestDnsZones.MEGACORP.LOCAL", "ldap/Pathfinder.MEGACORP.LOCAL/DomainDnsZones.MEGACORP.LOCAL", "DNS/Pathfinder.MEGACORP.LOCAL", "GC/Pathfinder.MEGACORP.LOCAL/MEGACORP.LOCAL", "HOST/Pathfinder.MEGACORP.LOCAL/MEGACORP", "HOST/Pathfinder.MEGACORP.LOCAL/MEGACORP.LOCAL", "ldap/Pathfinder.MEGACORP.LOCAL/MEGACORP", "ldap/Pathfinder.MEGACORP.LOCAL", "ldap/Pathfinder.MEGACORP.LOCAL/MEGACORP.LOCAL", "RestrictedKrbHost/Pathfinder.MEGACORP.LOCAL", "HOST/Pathfinder.MEGACORP.LOCAL", "RestrictedKrbHost/PATHFINDER", "HOST/PATHFINDER/MEGACORP", "HOST/PATHFINDER", "ldap/PATHFINDER/MEGACORP", "ldap/PATHFINDER", "RPC/6c11b976-8e63-478d-9d2b-f9546e4fae82._msdcs.MEGACORP.LOCAL", "E3514235-4B06-11D1-AB04-00C04FC2DCD2/6c11b976-8e63-478d-9d2b-f9546e4fae82/MEGACORP.LOCAL", "ldap/6c11b976-8e63-478d-9d2b-f9546e4fae82._msdcs.MEGACORP.LOCAL"], "description": null, "operatingsystem": "Windows Server 2019 Datacenter"}, "RemoteDesktopUsers": [], "DcomUsers": [], "AllowedToDelegate": [], "Sessions": [], "Aces": [{"RightName": "Owner", "AceType": "", "IsInherited": false, "PrincipalSID": "S-1-5-21-1035856440-4137329016-3276773158-512", "PrincipalType": "Group"}, {"RightName": "GenericAll", "AceType": "", "IsInherited": false, "PrincipalSID": "S-1-5-21-1035856440-4137329016-3276773158-512", "PrincipalType": "Group"}, {"RightName": "GenericAll", "AceType": "", "IsInherited": true, "PrincipalSID": "S-1-5-21-1035856440-4137329016-3276773158-519", "PrincipalType": "Group"}, {"RightName": "GenericAll", "AceType": "", "IsInherited": true, "PrincipalSID": "S-1-5-21-1035856440-4137329016-3276773158-1104", "PrincipalType": "User"}, {"RightName": "GenericWrite", "AceType": "", "IsInherited": true, "PrincipalSID": "MEGACORP.LOCAL-S-1-5-32-544", "PrincipalType": "Group"}, {"RightName": "WriteOwner", "AceType": "", "IsInherited": true, "PrincipalSID": "MEGACORP.LOCAL-S-1-5-32-544", "PrincipalType": "Group"}, {"RightName": "WriteDacl", "AceType": "", "IsInherited": true, "PrincipalSID": "MEGACORP.LOCAL-S-1-5-32-544", "PrincipalType": "Group"}]}],"meta":{"type":"computers","count":1, "version":3}}