{"domains": [{"ObjectIdentifier": "S-1-5-21-1035856440-4137329016-3276773158", "Properties": {"name": "MEGACORP.LOCAL", "domain": "MEGACORP.LOCAL", "highvalue": true, "objectid": "S-1-5-21-1035856440-4137329016-3276773158", "distinguishedname": "DC=MEGACORP,DC=LOCAL", "description": null, "functionallevel": "2016"}, "Trusts": [], "Aces": [{"RightName": "Owner", "AceType": "", "IsInherited": false, "PrincipalSID": "MEGACORP.LOCAL-S-1-5-32-544", "PrincipalType": "Group"}, {"RightName": "ExtendedRight", "AceType": "GetChanges", "IsInherited": false, "PrincipalSID": "S-1-5-21-1035856440-4137329016-3276773158-1104", "PrincipalType": "User"}, {"RightName": "ExtendedRight", "AceType": "GetChanges", "IsInherited": false, "PrincipalSID": "S-1-5-21-1035856440-4137329016-3276773158-498", "PrincipalType": "Group"}, {"RightName": "ExtendedRight", "AceType": "GetChangesAll", "IsInherited": false, "PrincipalSID": "S-1-5-21-1035856440-4137329016-3276773158-516", "PrincipalType": "Group"}, {"RightName": "ExtendedRight", "AceType": "GetChangesAll", "IsInherited": false, "PrincipalSID": "S-1-5-21-1035856440-4137329016-3276773158-1104", "PrincipalType": "User"}, {"RightName": "ExtendedRight", "AceType": "GetChanges", "IsInherited": false, "PrincipalSID": "MEGACORP.LOCAL-S-1-5-32-544", "PrincipalType": "Group"}, {"RightName": "ExtendedRight", "AceType": "GetChangesAll", "IsInherited": false, "PrincipalSID": "MEGACORP.LOCAL-S-1-5-32-544", "PrincipalType": "Group"}, {"RightName": "ExtendedRight", "AceType": "GetChanges", "IsInherited": false, "PrincipalSID": "MEGACORP.LOCAL-S-1-5-9", "PrincipalType": "Group"}, {"RightName": "GenericWrite", "AceType": "", "IsInherited": false, "PrincipalSID": "S-1-5-21-1035856440-4137329016-3276773158-512", "PrincipalType": "Group"}, {"RightName": "WriteOwner", "AceType": "", "IsInherited": false, "PrincipalSID": "S-1-5-21-1035856440-4137329016-3276773158-512", "PrincipalType": "Group"}, {"RightName": "ExtendedRight", "AceType": "All", "IsInherited": false, "PrincipalSID": "S-1-5-21-1035856440-4137329016-3276773158-512", "PrincipalType": "Group"}, {"RightName": "WriteDacl", "AceType": "", "IsInherited": false, "PrincipalSID": "S-1-5-21-1035856440-4137329016-3276773158-512", "PrincipalType": "Group"}, {"RightName": "GenericAll", "AceType": "", "IsInherited": false, "PrincipalSID": "S-1-5-21-1035856440-4137329016-3276773158-519", "PrincipalType": "Group"}, {"RightName": "GenericAll", "AceType": "", "IsInherited": false, "PrincipalSID": "S-1-5-21-1035856440-4137329016-3276773158-1104", "PrincipalType": "User"}, {"RightName": "GenericWrite", "AceType": "", "IsInherited": false, "PrincipalSID": "MEGACORP.LOCAL-S-1-5-32-544", "PrincipalType": "Group"}, {"RightName": "WriteOwner", "AceType": "", "IsInherited": false, "PrincipalSID": "MEGACORP.LOCAL-S-1-5-32-544", "PrincipalType": "Group"}, {"RightName": "ExtendedRight", "AceType": "All", "IsInherited": false, "PrincipalSID": "MEGACORP.LOCAL-S-1-5-32-544", "PrincipalType": "Group"}, {"RightName": "WriteDacl", "AceType": "", "IsInherited": false, "PrincipalSID": "MEGACORP.LOCAL-S-1-5-32-544", "PrincipalType": "Group"}], "Links": [], "Users": [], "Computers": [], "ChildOus": []}], "meta": {"type": "domains", "count": 1, "version": 3}}